{"cameraMode":{"drawMode":0,"name":"Shaded","section":"Shading Mode"},"sceneLighting":false,"audioPlay":false,"sceneViewState":{"showFog":true,"showMaterialUpdate":false,"showSkybox":false,"showFlares":true,"showImageEffects":true,"showParticleSystems":true},"in2DMode":false,"pivot":{"x":2.1760072708129885,"y":-1.0619169473648072,"z":-5.907260894775391},"rotation":{"x":0.6679040789604187,"y":0.0033490878995507957,"z":-0.003005589358508587,"w":0.7442333102226257},"size":7.843100070953369,"orthographic":false}